"Category","tot","acc"
"rec","187","46.14973262032085"
"ocr","108","39.351851851851855"
"know","84","23.809523809523807"
"gen","80","24.875000000000004"
"spat","75","40.666666666666664"
"math","26","26.923076923076923"
"Overall","218","40.22935779816513"
