"split","Overall","AR","CP","FP-C","FP-S","LR","RR","action_recognition","attribute_comparison","attribute_recognition","celebrity_recognition","function_reasoning","future_prediction","identity_reasoning","image_emotion","image_quality","image_scene","image_style","image_topic","nature_relation","object_localization","ocr","physical_property_reasoning","physical_relation","social_relation","spatial_relationship","structuralized_imagetext_understanding"
"dev","0.5959752321981424","0.7073170731707317","0.6712707182320442","0.4581005586592179","0.6920415224913494","0.25","0.5632183908045977","0.7692307692307693","0.21568627450980393","0.7666666666666667","0.8484848484848485","0.8833333333333333","0.36","0.9215686274509803","0.8333333333333334","0.047619047619047616","0.8645833333333334","0.8225806451612904","0.9166666666666666","0.5806451612903226","0.4142857142857143","0.6833333333333333","0.3018867924528302","0.28","0.7741935483870968","0.22","0.17567567567567569"
