"split","Overall","atomStructure","eclipses","faultsEarthquakes","foodChainsWebs","lifeCycles","moonPhaseEquinox","partsOfA","partsOfTheEarth","photosynthesisRespiration","rockCycle","rockStrata","solarSystem","typesOf","volcano","waterCNPCycle"
"none","0.6091321243523317","0.75","0.5806451612903226","0.6428571428571429","0.6987951807228916","0.5275779376498801","0.4548736462093863","0.648870636550308","0.6538461538461539","0.5189873417721519","0.5223880597014925","0.43902439024390244","0.6944444444444444","0.5364431486880467","0.6875","0.38636363636363635"
