"split","Overall","AR","CP","FP-C","FP-S","LR","RR","action_recognition","attribute_comparison","attribute_recognition","celebrity_recognition","function_reasoning","future_prediction","identity_reasoning","image_emotion","image_quality","image_scene","image_style","image_topic","nature_relation","object_localization","ocr","physical_property_reasoning","physical_relation","social_relation","spatial_relationship","structuralized_imagetext_understanding"
"dev","0.6323529411764706","0.7621951219512195","0.6906077348066298","0.5027932960893855","0.7335640138408305","0.25806451612903225","0.6206896551724138","0.7307692307692307","0.5294117647058824","0.8666666666666667","0.8787878787878788","0.9","0.34","0.9607843137254902","0.8833333333333333","0.10714285714285714","0.8958333333333334","0.7903225806451613","0.8833333333333333","0.5645161290322581","0.44285714285714284","0.7","0.41509433962264153","0.4","0.8548387096774194","0.12","0.20270270270270271"
